Workbook
Name Slicer_Age_Group: #N/A
Name Slicer_Loan_Duration_Group: #N/A
Name Slicer_Purpose: #N/A
Name Slicer_Risk: #N/A

Sheet German Credit Analysis
A1: ,Age,Sex,Job,Housing,Saving accounts,Checking account,Credit amount,Duration,Purpose
A2: 0,67,male,2,own,NA,little,1169,6,radio/TV
A3: 1,22,female,2,own,little,moderate,5951,48,radio/TV
A4: 2,49,male,1,own,little,NA,2096,12,education
A5: 3,45,male,2,free,little,little,7882,42,furniture/equipment
A6: 4,53,male,2,free,little,little,4870,24,car
A7: 5,35,male,1,free,NA,NA,9055,36,education
A8: 6,53,male,2,own,quite rich,NA,2835,24,furniture/equipment
A9: 7,35,male,3,rent,little,moderate,6948,36,car
A10: 8,61,male,1,own,rich,NA,3059,12,radio/TV
A11: 9,28,male,3,own,little,moderate,5234,30,car
A12: 10,25,female,2,rent,little,moderate,1295,12,car
... A1001: 999,27,male,2,own,moderate,moderate,4576,45,car

Sheet Working Sheet
A1: Age | B1: Sex | C1: Job | D1: Housing | E1: Saving accounts | F1: Checking account | G1: Credit Amount | H1: Loan Duration | I1: Purpose | J1: Risk | K1: Age Group | L1: Loan Duration Group | M1: Loan Size Group
A2: 67 | B2: Male | C2: 2 | D2: Own | E2: Unknown | F2: Little | G2: 1169 | H2: 6 | I2: Radio/TV | J2: =IF(OR(G2>7000,H2>36),"High Risk", IF(AND(G2>4000,H2>24),"Medium Risk", "Low Risk")) -> Low Risk | K2: =IF(A2<30,"Young",IF(A2>50,"Adult","Senior")) -> Adult | L2: =IF(H2<12,"Short",IF(H2<36,"Medium","Long")) -> Short | M2: =IF(G2<3000,"Low Risk",IF(G2<=6000,"Medium Risk","HighRisk")) -> Low Risk
A3: 22 | B3: Female | C3: 2 | D3: Own | E3: Little | F3: Moderate | G3: 5951 | H3: 48 | I3: Radio/TV | J3: =IF(OR(G3>7000,H3>36),"High Risk", IF(AND(G3>4000,H3>24),"Medium Risk", "Low Risk")) -> High Risk | K3: =IF(A3<30,"Young",IF(A3>50,"Adult","Senior")) -> Young | L3: =IF(H3<12,"Short",IF(H3<36,"Medium","Long")) -> Long | M3: =IF(G3<3000,"Low Risk",IF(G3<=6000,"Medium Risk","HighRisk")) -> Medium Risk
A4: 49 | B4: Male | C4: 1 | D4: Own | E4: Little | F4: Unknown | G4: 2096 | H4: 12 | I4: Education | J4: =IF(OR(G4>7000,H4>36),"High Risk", IF(AND(G4>4000,H4>24),"Medium Risk", "Low Risk")) -> Low Risk | K4: =IF(A4<30,"Young",IF(A4>50,"Adult","Senior")) -> Senior | L4: =IF(H4<12,"Short",IF(H4<36,"Medium","Long")) -> Medium | M4: =IF(G4<3000,"Low Risk",IF(G4<=6000,"Medium Risk","HighRisk")) -> Low Risk
A5: 45 | B5: Male | C5: 2 | D5: Free | E5: Little | F5: Little | G5: 7882 | H5: 42 | I5: Furniture/Equipment | J5: =IF(OR(G5>7000,H5>36),"High Risk", IF(AND(G5>4000,H5>24),"Medium Risk", "Low Risk")) -> High Risk | K5: =IF(A5<30,"Young",IF(A5>50,"Adult","Senior")) -> Senior | L5: =IF(H5<12,"Short",IF(H5<36,"Medium","Long")) -> Long | M5: =IF(G5<3000,"Low Risk",IF(G5<=6000,"Medium Risk","HighRisk")) -> HighRisk
A6: 53 | B6: Male | C6: 2 | D6: Free | E6: Little | F6: Little | G6: 4870 | H6: 24 | I6: Car | J6: =IF(OR(G6>7000,H6>36),"High Risk", IF(AND(G6>4000,H6>24),"Medium Risk", "Low Risk")) -> Low Risk | K6: =IF(A6<30,"Young",IF(A6>50,"Adult","Senior")) -> Adult | L6: =IF(H6<12,"Short",IF(H6<36,"Medium","Long")) -> Medium | M6: =IF(G6<3000,"Low Risk",IF(G6<=6000,"Medium Risk","HighRisk")) -> Medium Risk
A7: 35 | B7: Male | C7: 1 | D7: Free | E7: Unknown | F7: Unknown | G7: 9055 | H7: 36 | I7: Education | J7: =IF(OR(G7>7000,H7>36),"High Risk", IF(AND(G7>4000,H7>24),"Medium Risk", "Low Risk")) -> High Risk | K7: =IF(A7<30,"Young",IF(A7>50,"Adult","Senior")) -> Senior | L7: =IF(H7<12,"Short",IF(H7<36,"Medium","Long")) -> Long | M7: =IF(G7<3000,"Low Risk",IF(G7<=6000,"Medium Risk","HighRisk")) -> HighRisk
A8: 53 | B8: Male | C8: 2 | D8: Own | E8: Quite rich | F8: Unknown | G8: 2835 | H8: 24 | I8: Furniture/Equipment | J8: =IF(OR(G8>7000,H8>36),"High Risk", IF(AND(G8>4000,H8>24),"Medium Risk", "Low Risk")) -> Low Risk | K8: =IF(A8<30,"Young",IF(A8>50,"Adult","Senior")) -> Adult | L8: =IF(H8<12,"Short",IF(H8<36,"Medium","Long")) -> Medium | M8: =IF(G8<3000,"Low Risk",IF(G8<=6000,"Medium Risk","HighRisk")) -> Low Risk
A9: 35 | B9: Male | C9: 3 | D9: Rent | E9: Little | F9: Moderate | G9: 6948 | H9: 36 | I9: Car | J9: =IF(OR(G9>7000,H9>36),"High Risk", IF(AND(G9>4000,H9>24),"Medium Risk", "Low Risk")) -> Medium Risk | K9: =IF(A9<30,"Young",IF(A9>50,"Adult","Senior")) -> Senior | L9: =IF(H9<12,"Short",IF(H9<36,"Medium","Long")) -> Long | M9: =IF(G9<3000,"Low Risk",IF(G9<=6000,"Medium Risk","HighRisk")) -> HighRisk
A10: 61 | B10: Male | C10: 1 | D10: Own | E10: rich | F10: Unknown | G10: 3059 | H10: 12 | I10: Radio/TV | J10: =IF(OR(G10>7000,H10>36),"High Risk", IF(AND(G10>4000,H10>24),"Medium Risk", "Low Risk")) -> Low Risk | K10: =IF(A10<30,"Young",IF(A10>50,"Adult","Senior")) -> Adult | L10: =IF(H10<12,"Short",IF(H10<36,"Medium","Long")) -> Medium | M10: =IF(G10<3000,"Low Risk",IF(G10<=6000,"Medium Risk","HighRisk")) -> Medium Risk
A11: 28 | B11: Male | C11: 3 | D11: Own | E11: Little | F11: Moderate | G11: 5234 | H11: 30 | I11: Car | J11: =IF(OR(G11>7000,H11>36),"High Risk", IF(AND(G11>4000,H11>24),"Medium Risk", "Low Risk")) -> Medium Risk | K11: =IF(A11<30,"Young",IF(A11>50,"Adult","Senior")) -> Young | L11: =IF(H11<12,"Short",IF(H11<36,"Medium","Long")) -> Medium | M11: =IF(G11<3000,"Low Risk",IF(G11<=6000,"Medium Risk","HighRisk")) -> Medium Risk
A12: 25 | B12: Female | C12: 2 | D12: Rent | E12: Little | F12: Moderate | G12: 1295 | H12: 12 | I12: Car | J12: =IF(OR(G12>7000,H12>36),"High Risk", IF(AND(G12>4000,H12>24),"Medium Risk", "Low Risk")) -> Low Risk | K12: =IF(A12<30,"Young",IF(A12>50,"Adult","Senior")) -> Young | L12: =IF(H12<12,"Short",IF(H12<36,"Medium","Long")) -> Medium | M12: =IF(G12<3000,"Low Risk",IF(G12<=6000,"Medium Risk","HighRisk")) -> Low Risk
A13: 24 | B13: Female | C13: 2 | D13: Rent | E13: Little | F13: Little | G13: 4308 | H13: 48 | I13: Business | J13: =IF(OR(G13>7000,H13>36),"High Risk", IF(AND(G13>4000,H13>24),"Medium Risk", "Low Risk")) -> High Risk | K13: =IF(A13<30,"Young",IF(A13>50,"Adult","Senior")) -> Young | L13: =IF(H13<12,"Short",IF(H13<36,"Medium","Long")) -> Long | M13: =IF(G13<3000,"Low Risk",IF(G13<=6000,"Medium Risk","HighRisk")) -> Medium Risk
... A1001: 27 | B1001: Male | C1001: 2 | D1001: Own | E1001: Moderate | F1001: Moderate | G1001: 4576 | H1001: 45 | I1001: Car | J1001: =IF(OR(G1001>7000,H1001>36),"High Risk", IF(AND(G1001>4000,H1001>24),"Medium Risk", "Low Risk")) -> High Risk | K1001: =IF(A1001<30,"Young",IF(A1001>50,"Adult","Senior")) -> Young | L1001: =IF(H1001<12,"Short",IF(H1001<36,"Medium","Long")) -> Long | M1001: =IF(G1001<3000,"Low Risk",IF(G1001<=6000,"Medium Risk","HighRisk")) -> Medium Risk

Sheet Pivot table
A3: Row Labels | B3: Count of Risk
A4: Low Risk | B4: 811
A5: Medium Risk | B5: 40
A6: High Risk | B6: 149
A7: Grand Total | B7: 1000
A23: Count of Risk | B23: Column Labels
A24: Row Labels | B24: Low Risk | C24: Medium Risk | D24: High Risk | E24: Grand Total
A25: Adult | B25: 94 | D25: 19 | E25: 113
A26: Senior | B26: 414 | C26: 22 | D26: 80 | E26: 516
A27: Young | B27: 303 | C27: 18 | D27: 50 | E27: 371
A28: Grand Total | B28: 811 | C28: 40 | D28: 149 | E28: 1000
A37: Count of Risk | B37: Column Labels
A38: Row Labels | B38: High Risk | C38: Low Risk | D38: Medium Risk | E38: Grand Total
A39: Short | B39: 4 | C39: 176 | E39: 180
A40: Medium | B40: 30 | C40: 600 | D40: 20 | E40: 650
A41: Long | B41: 115 | C41: 35 | D41: 20 | E41: 170
A42: Grand Total | B42: 149 | C42: 811 | D42: 40 | E42: 1000
A54: Count of Risk | B54: Column Labels
A55: Row Labels | B55: High Risk | C55: Low Risk | D55: Medium Risk | E55: Grand Total
A56: Business | B56: 26 | C56: 63 | D56: 8 | E56: 97
A57: Car | B57: 65 | C57: 259 | D57: 13 | E57: 337
A58: Domestic appliances | B58: 1 | C58: 11 | E58: 12
A59: Education | B59: 10 | C59: 48 | D59: 1 | E59: 59
A60: Furniture/Equipment | B60: 14 | C60: 160 | D60: 7 | E60: 181
A61: Radio/TV | B61: 24 | C61: 246 | D61: 10 | E61: 280
A62: Repairs | B62: 2 | C62: 19 | D62: 1 | E62: 22
A63: Vacation/Others | B63: 7 | C63: 5 | E63: 12
A64: Grand Total | B64: 149 | C64: 811 | D64: 40 | E64: 1000

Sheet Credit Risk Analysis Dashboard
A1: Credit Risk Analysis Dashboard
F6: 💼 Core KPIs
R8: Risk Level | S8: Customer Count | T8: Percentage %
R9: ='KPI '!A9 -> High Risk Customers | S9: ='KPI '!B9 -> 149 | T9: =Table6[[#This Row],[Percentages %]] -> 0.149
R10: ='KPI '!A10 -> Medium Risk Customers | S10: ='KPI '!B10 -> 40 | T10: =Table6[[#This Row],[Percentages %]] -> 0.04
R11: ='KPI '!A11 -> Low Risk Customers | S11: ='KPI '!B11 -> 811 | T11: =Table6[[#This Row],[Percentages %]] -> 0.811
A46: Key Insights • 81% of customers are low risk. • High risk is concentrated in long-term loans. • Car loans have the highest volume.

Sheet KPI 
A2: Column1 | B2: Column2
A3: Core KPIs
A4: Total Customers | B4: =COUNTA('Working Sheet'!A2:A1001) -> 1000
A5: Total Loans Issued | B5: =COUNTA('Working Sheet'!G2:G1001) -> 1000
A6: Total Credit Amount | B6: =SUM('Working Sheet'!G2:G1001) -> 3271258
A8: Risk Level | B8: Customer Count | C8: Percentages %
A9: High Risk Customers | B9: =COUNTIF('Working Sheet'!J2:J1001,"High Risk") -> 149 | C9: =COUNTIF('Working Sheet'!J2:J1001,"High Risk")/COUNTA('Working Sheet'!J2:J10001) -> 0.149
A10: Medium Risk Customers | B10: =COUNTIF('Working Sheet'!J2:J1001,"Medium Risk") -> 40 | C10: =COUNTIF('Working Sheet'!J2:J1001,"Medium Risk")/COUNTA('Working Sheet'!J2:J10001) -> 0.04
A11: Low Risk Customers | B11: =COUNTIF('Working Sheet'!J2:J1001,"Low Risk") -> 811 | C11: =COUNTIF('Working Sheet'!J2:J1001,"Low Risk")/COUNTA('Working Sheet'!J2:J10001) -> 0.811
